{"0.1644977620427639":{"user_id":1},"0.4014054162254608":{"user_id":1},"0.15055977178424285":{"user_id":1},"0.8259568648435707":{"user_id":1}}